<DATE>	<TIME>	<OPEN>	<HIGH>	<LOW>	<CLOSE>	<TICKVOL>	<VOL>	<SPREAD>
2022.08.01	00:05:00	0.62711	0.62711	0.62578	0.62578	2	0	78
2022.08.01	00:06:00	0.62711	0.62711	0.62711	0.62711	1	0	78
2022.08.01	00:07:00	0.62754	0.62755	0.62711	0.62754	6	0	78
2022.08.01	00:08:00	0.62754	0.62755	0.62753	0.62754	6	0	78
2022.08.01	00:10:00	0.62644	0.62754	0.62644	0.62719	5	0	78
2022.08.01	00:11:00	0.62762	0.62762	0.62719	0.62719	2	0	78
2022.08.01	00:12:00	0.62762	0.62783	0.62762	0.62783	6	0	78
2022.08.01	00:13:00	0.62783	0.62796	0.62767	0.62796	4	0	78
2022.08.01	00:14:00	0.62796	0.62796	0.62783	0.62783	6	0	78
2022.08.01	00:15:00	0.62839	0.62839	0.62710	0.62718	5	0	78
2022.08.01	00:16:00	0.62731	0.62732	0.62730	0.62730	7	0	166
2022.08.01	00:18:00	0.62789	0.62789	0.62784	0.62784	2	0	97
2022.08.01	00:20:00	0.62786	0.62809	0.62786	0.62789	5	0	66
2022.08.01	00:21:00	0.62789	0.62789	0.62789	0.62789	1	0	78
2022.08.01	00:22:00	0.62789	0.62789	0.62708	0.62708	4	0	78
2022.08.01	00:23:00	0.62710	0.62801	0.62640	0.62801	5	0	65
2022.08.01	00:24:00	0.62801	0.62801	0.62801	0.62801	1	0	65
2022.08.01	00:25:00	0.62718	0.62838	0.62718	0.62838	3	0	50
2022.08.01	00:26:00	0.62764	0.62830	0.62747	0.62830	8	0	50
2022.08.01	00:27:00	0.62825	0.62825	0.62766	0.62799	6	0	58
2022.08.01	00:28:00	0.62756	0.62756	0.62756	0.62756	1	0	79
2022.08.01	00:29:00	0.62780	0.62780	0.62780	0.62780	1	0	85
2022.08.01	00:30:00	0.62771	0.62789	0.62767	0.62789	11	0	76
2022.08.01	00:31:00	0.62851	0.62863	0.62778	0.62782	14	0	55
2022.08.01	00:32:00	0.62785	0.62869	0.62760	0.62865	33	0	55
2022.08.01	00:33:00	0.62864	0.62868	0.62792	0.62797	14	0	55
2022.08.01	00:35:00	0.62853	0.62853	0.62820	0.62853	6	0	55
2022.08.01	00:36:00	0.62863	0.62863	0.62863	0.62863	1	0	55
2022.08.01	00:39:00	0.62848	0.62848	0.62820	0.62820	7	0	55
2022.08.01	00:40:00	0.62820	0.62841	0.62820	0.62831	7	0	55
2022.08.01	00:41:00	0.62820	0.62820	0.62820	0.62820	1	0	55
2022.08.01	00:42:00	0.62820	0.62839	0.62820	0.62837	5	0	55
2022.08.01	00:43:00	0.62820	0.62837	0.62820	0.62820	7	0	55
2022.08.01	00:44:00	0.62820	0.62836	0.62820	0.62820	3	0	55
2022.08.01	00:45:00	0.62820	0.62820	0.62820	0.62820	1	0	55
2022.08.01	00:46:00	0.62809	0.62809	0.62798	0.62802	4	0	97
2022.08.01	00:54:00	0.62802	0.62802	0.62802	0.62802	1	0	55
2022.08.01	00:55:00	0.62802	0.62802	0.62802	0.62802	1	0	55
2022.08.01	00:56:00	0.62802	0.62827	0.62802	0.62812	6	0	55
2022.08.01	00:57:00	0.62812	0.62858	0.62812	0.62843	19	0	50
2022.08.01	00:58:00	0.62843	0.62843	0.62843	0.62843	1	0	55
2022.08.01	00:59:00	0.62832	0.62843	0.62826	0.62843	6	0	55
2022.08.01	01:00:00	0.62815	0.62863	0.62813	0.62860	10	0	55
2022.08.01	01:01:00	0.62860	0.62860	0.62832	0.62832	7	0	55
2022.08.01	01:02:00	0.62832	0.62832	0.62801	0.62816	10	0	55
2022.08.01	01:03:00	0.62816	0.62825	0.62811	0.62825	5	0	23
2022.08.01	01:04:00	0.62825	0.62835	0.62825	0.62835	5	0	24
2022.08.01	01:05:00	0.62845	0.62845	0.62840	0.62840	7	0	24
2022.08.01	01:06:00	0.62840	0.62840	0.62830	0.62830	4	0	23
2022.08.01	01:07:00	0.62830	0.62830	0.62814	0.62814	5	0	19
2022.08.01	01:08:00	0.62815	0.62815	0.62815	0.62815	1	0	55
2022.08.01	01:10:00	0.62819	0.62820	0.62817	0.62819	6	0	23
2022.08.01	01:11:00	0.62820	0.62821	0.62816	0.62821	27	0	22
2022.08.01	01:12:00	0.62820	0.62820	0.62817	0.62818	15	0	22
2022.08.01	01:13:00	0.62817	0.62823	0.62817	0.62822	31	0	19
2022.08.01	01:14:00	0.62823	0.62826	0.62819	0.62819	29	0	18
2022.08.01	01:15:00	0.62819	0.62841	0.62819	0.62832	23	0	14
2022.08.01	01:16:00	0.62831	0.62831	0.62804	0.62804	12	0	17
2022.08.01	01:17:00	0.62804	0.62808	0.62804	0.62807	8	0	20
2022.08.01	01:18:00	0.62806	0.62807	0.62805	0.62805	6	0	20
2022.08.01	01:19:00	0.62791	0.62791	0.62776	0.62776	15	0	21
2022.08.01	01:20:00	0.62776	0.62786	0.62775	0.62782	7	0	11
2022.08.01	01:21:00	0.62782	0.62784	0.62779	0.62782	18	0	13
2022.08.01	01:22:00	0.62783	0.62784	0.62768	0.62769	30	0	13
2022.08.01	01:23:00	0.62772	0.62777	0.62770	0.62776	24	0	14
2022.08.01	01:24:00	0.62776	0.62787	0.62776	0.62787	42	0	10
2022.08.01	01:25:00	0.62788	0.62804	0.62787	0.62795	31	0	8
2022.08.01	01:26:00	0.62800	0.62800	0.62798	0.62798	17	0	11
2022.08.01	01:27:00	0.62798	0.62798	0.62788	0.62788	8	0	12
2022.08.01	01:28:00	0.62788	0.62788	0.62779	0.62781	24	0	11
2022.08.01	01:29:00	0.62781	0.62791	0.62778	0.62790	17	0	10
2022.08.01	01:30:00	0.62790	0.62817	0.62788	0.62803	40	0	10
2022.08.01	01:31:00	0.62796	0.62797	0.62788	0.62796	15	0	12
2022.08.01	01:32:00	0.62798	0.62811	0.62797	0.62798	29	0	10
2022.08.01	01:33:00	0.62797	0.62812	0.62797	0.62812	31	0	12
2022.08.01	01:34:00	0.62810	0.62834	0.62809	0.62833	31	0	10
2022.08.01	01:35:00	0.62833	0.62833	0.62806	0.62811	26	0	10
2022.08.01	01:36:00	0.62810	0.62810	0.62806	0.62810	10	0	13
2022.08.01	01:37:00	0.62794	0.62827	0.62794	0.62826	11	0	13
2022.08.01	01:38:00	0.62825	0.62827	0.62823	0.62823	14	0	13
2022.08.01	01:39:00	0.62823	0.62836	0.62823	0.62824	31	0	9
2022.08.01	01:40:00	0.62826	0.62831	0.62824	0.62824	23	0	10
2022.08.01	01:41:00	0.62824	0.62832	0.62824	0.62830	21	0	11
2022.08.01	01:42:00	0.62831	0.62835	0.62823	0.62823	15	0	8
2022.08.01	01:43:00	0.62824	0.62828	0.62824	0.62825	10	0	11
2022.08.01	01:44:00	0.62825	0.62826	0.62814	0.62814	19	0	9
2022.08.01	01:45:00	0.62814	0.62826	0.62810	0.62812	16	0	10
2022.08.01	01:46:00	0.62813	0.62825	0.62813	0.62817	23	0	11
2022.08.01	01:47:00	0.62816	0.62819	0.62815	0.62818	17	0	11
2022.08.01	01:48:00	0.62818	0.62818	0.62801	0.62815	37	0	11
2022.08.01	01:49:00	0.62815	0.62819	0.62815	0.62815	5	0	12
2022.08.01	01:50:00	0.62815	0.62815	0.62809	0.62811	12	0	12
2022.08.01	01:51:00	0.62810	0.62813	0.62809	0.62813	10	0	13
2022.08.01	01:52:00	0.62815	0.62823	0.62813	0.62823	24	0	10
2022.08.01	01:53:00	0.62822	0.62826	0.62821	0.62825	14	0	10
2022.08.01	01:54:00	0.62825	0.62835	0.62825	0.62835	11	0	10
2022.08.01	01:55:00	0.62835	0.62836	0.62831	0.62833	18	0	10
2022.08.01	01:56:00	0.62833	0.62836	0.62832	0.62833	21	0	10
2022.08.01	01:57:00	0.62830	0.62848	0.62828	0.62838	26	0	5
2022.08.01	01:58:00	0.62841	0.62849	0.62838	0.62841	15	0	5
2022.08.01	01:59:00	0.62836	0.62856	0.62831	0.62851	36	0	5
2022.08.01	02:00:00	0.62852	0.62858	0.62843	0.62848	28	0	2
2022.08.01	02:01:00	0.62847	0.62847	0.62828	0.62835	33	0	1
2022.08.01	02:02:00	0.62835	0.62845	0.62835	0.62845	22	0	6
2022.08.01	02:03:00	0.62844	0.62857	0.62844	0.62855	30	0	4
2022.08.01	02:04:00	0.62856	0.62859	0.62845	0.62849	29	0	3
2022.08.01	02:05:00	0.62849	0.62849	0.62829	0.62839	36	0	5
2022.08.01	02:06:00	0.62838	0.62849	0.62832	0.62845	20	0	5
2022.08.01	02:07:00	0.62846	0.62848	0.62834	0.62839	29	0	6
2022.08.01	02:08:00	0.62841	0.62847	0.62840	0.62844	16	0	5
2022.08.01	02:09:00	0.62845	0.62852	0.62843	0.62852	25	0	5
2022.08.01	02:10:00	0.62851	0.62853	0.62845	0.62849	40	0	4
2022.08.01	02:11:00	0.62849	0.62851	0.62834	0.62841	31	0	6
2022.08.01	02:12:00	0.62842	0.62842	0.62830	0.62833	26	0	5
2022.08.01	02:13:00	0.62831	0.62838	0.62830	0.62834	26	0	1
2022.08.01	02:14:00	0.62835	0.62837	0.62835	0.62835	15	0	4
2022.08.01	02:15:00	0.62836	0.62838	0.62828	0.62831	29	0	3
2022.08.01	02:16:00	0.62830	0.62834	0.62828	0.62834	15	0	3
2022.08.01	02:17:00	0.62834	0.62834	0.62824	0.62824	17	0	1
2022.08.01	02:18:00	0.62825	0.62825	0.62799	0.62799	22	0	6
2022.08.01	02:19:00	0.62799	0.62800	0.62793	0.62799	24	0	3
2022.08.01	02:20:00	0.62800	0.62809	0.62798	0.62804	25	0	7
2022.08.01	02:21:00	0.62805	0.62809	0.62804	0.62804	11	0	8
2022.08.01	02:22:00	0.62798	0.62799	0.62794	0.62797	7	0	7
2022.08.01	02:23:00	0.62794	0.62803	0.62794	0.62799	6	0	4
2022.08.01	02:24:00	0.62794	0.62794	0.62789	0.62794	7	0	8
2022.08.01	02:25:00	0.62794	0.62795	0.62789	0.62789	12	0	7
2022.08.01	02:26:00	0.62789	0.62793	0.62789	0.62793	2	0	8
2022.08.01	02:27:00	0.62793	0.62794	0.62793	0.62793	3	0	8
2022.08.01	02:28:00	0.62778	0.62779	0.62778	0.62779	2	0	36
2022.08.01	02:29:00	0.62794	0.62794	0.62793	0.62794	3	0	7
2022.08.01	02:30:00	0.62793	0.62799	0.62789	0.62799	15	0	3
2022.08.01	02:31:00	0.62795	0.62802	0.62789	0.62789	11	0	2
2022.08.01	02:32:00	0.62789	0.62789	0.62789	0.62789	1	0	8
2022.08.01	02:33:00	0.62789	0.62789	0.62772	0.62772	5	0	6
2022.08.01	02:34:00	0.62772	0.62780	0.62769	0.62778	10	0	8
2022.08.01	02:35:00	0.62779	0.62789	0.62778	0.62788	36	0	7
2022.08.01	02:36:00	0.62789	0.62794	0.62787	0.62794	9	0	6
2022.08.01	02:37:00	0.62794	0.62794	0.62784	0.62785	21	0	7
2022.08.01	02:38:00	0.62785	0.62785	0.62780	0.62784	20	0	8
2022.08.01	02:39:00	0.62784	0.62784	0.62779	0.62780	8	0	8
2022.08.01	02:40:00	0.62780	0.62794	0.62779	0.62794	11	0	6
2022.08.01	02:41:00	0.62799	0.62800	0.62795	0.62796	23	0	7
2022.08.01	02:42:00	0.62796	0.62796	0.62778	0.62778	20	0	8
2022.08.01	02:43:00	0.62778	0.62780	0.62778	0.62778	14	0	9
2022.08.01	02:44:00	0.62778	0.62783	0.62775	0.62780	17	0	6
2022.08.01	02:45:00	0.62780	0.62783	0.62771	0.62774	31	0	7
2022.08.01	02:46:00	0.62775	0.62784	0.62768	0.62770	22	0	4
2022.08.01	02:47:00	0.62771	0.62789	0.62771	0.62788	36	0	5
2022.08.01	02:48:00	0.62789	0.62809	0.62789	0.62807	38	0	4
2022.08.01	02:49:00	0.62806	0.62808	0.62803	0.62803	24	0	3
2022.08.01	02:50:00	0.62803	0.62807	0.62780	0.62780	19	0	4
2022.08.01	02:51:00	0.62780	0.62784	0.62768	0.62783	28	0	6
2022.08.01	02:52:00	0.62786	0.62794	0.62785	0.62793	30	0	6
2022.08.01	02:53:00	0.62794	0.62800	0.62793	0.62800	34	0	7
2022.08.01	02:54:00	0.62799	0.62801	0.62793	0.62799	18	0	3
2022.08.01	02:55:00	0.62799	0.62799	0.62780	0.62782	28	0	7
2022.08.01	02:56:00	0.62781	0.62787	0.62780	0.62784	30	0	5
2022.08.01	02:57:00	0.62785	0.62791	0.62781	0.62781	26	0	3
2022.08.01	02:58:00	0.62781	0.62782	0.62773	0.62780	49	0	5
2022.08.01	02:59:00	0.62781	0.62786	0.62774	0.62775	44	0	2
2022.08.01	03:00:00	0.62775	0.62800	0.62775	0.62794	53	0	4
2022.08.01	03:01:00	0.62795	0.62803	0.62789	0.62800	37	0	7
2022.08.01	03:02:00	0.62800	0.62803	0.62774	0.62776	39	0	5
2022.08.01	03:03:00	0.62776	0.62789	0.62775	0.62789	27	0	7
2022.08.01	03:04:00	0.62789	0.62811	0.62789	0.62809	25	0	6
2022.08.01	03:05:00	0.62809	0.62829	0.62800	0.62824	38	0	5
2022.08.01	03:06:00	0.62824	0.62832	0.62823	0.62829	18	0	3
2022.08.01	03:07:00	0.62829	0.62871	0.62829	0.62871	61	0	5
2022.08.01	03:08:00	0.62871	0.62871	0.62856	0.62865	47	0	6
2022.08.01	03:09:00	0.62868	0.62873	0.62863	0.62870	29	0	4
2022.08.01	03:10:00	0.62870	0.62882	0.62865	0.62881	51	0	6
2022.08.01	03:11:00	0.62882	0.62886	0.62879	0.62883	39	0	4
2022.08.01	03:12:00	0.62883	0.62888	0.62878	0.62886	29	0	6
2022.08.01	03:13:00	0.62886	0.62908	0.62886	0.62905	49	0	7
2022.08.01	03:14:00	0.62905	0.62907	0.62904	0.62907	16	0	7
2022.08.01	03:15:00	0.62910	0.62929	0.62907	0.62926	45	0	4
2022.08.01	03:16:00	0.62926	0.62939	0.62926	0.62935	58	0	4
2022.08.01	03:17:00	0.62935	0.62943	0.62930	0.62930	28	0	6
2022.08.01	03:18:00	0.62932	0.62935	0.62928	0.62930	26	0	7
2022.08.01	03:19:00	0.62930	0.62951	0.62924	0.62951	43	0	5
2022.08.01	03:20:00	0.62950	0.62984	0.62950	0.62975	40	0	5
2022.08.01	03:21:00	0.62974	0.62984	0.62959	0.62960	26	0	1
2022.08.01	03:22:00	0.62960	0.62980	0.62958	0.62980	51	0	7
2022.08.01	03:23:00	0.62981	0.62990	0.62965	0.62973	29	0	7
2022.08.01	03:24:00	0.62973	0.62980	0.62955	0.62955	49	0	7
2022.08.01	03:25:00	0.62955	0.62955	0.62937	0.62943	32	0	8
2022.08.01	03:26:00	0.62945	0.62950	0.62940	0.62950	30	0	7
2022.08.01	03:27:00	0.62950	0.62960	0.62950	0.62960	29	0	7
2022.08.01	03:28:00	0.62957	0.62957	0.62945	0.62950	31	0	7
2022.08.01	03:29:00	0.62950	0.62951	0.62936	0.62940	17	0	7
2022.08.01	03:30:00	0.62943	0.62943	0.62923	0.62925	28	0	7
2022.08.01	03:31:00	0.62925	0.62926	0.62915	0.62920	22	0	7
2022.08.01	03:32:00	0.62920	0.62920	0.62905	0.62919	26	0	0
2022.08.01	03:33:00	0.62918	0.62925	0.62905	0.62905	29	0	6
2022.08.01	03:34:00	0.62905	0.62905	0.62880	0.62880	8	0	5
2022.08.01	03:35:00	0.62880	0.62880	0.62863	0.62865	14	0	7
2022.08.01	03:36:00	0.62870	0.62880	0.62868	0.62874	18	0	3
2022.08.01	03:37:00	0.62870	0.62878	0.62855	0.62855	30	0	2
2022.08.01	03:38:00	0.62855	0.62869	0.62853	0.62865	25	0	6
2022.08.01	03:39:00	0.62865	0.62868	0.62850	0.62858	17	0	6
2022.08.01	03:40:00	0.62858	0.62869	0.62858	0.62864	25	0	6
2022.08.01	03:41:00	0.62864	0.62870	0.62860	0.62865	23	0	3
2022.08.01	03:42:00	0.62865	0.62867	0.62855	0.62860	12	0	4
2022.08.01	03:43:00	0.62860	0.62864	0.62855	0.62860	12	0	7
2022.08.01	03:44:00	0.62860	0.62860	0.62845	0.62854	8	0	7
2022.08.01	03:45:00	0.62854	0.62869	0.62850	0.62855	51	0	2
2022.08.01	03:46:00	0.62855	0.62859	0.62845	0.62856	28	0	7
2022.08.01	03:47:00	0.62859	0.62867	0.62855	0.62855	23	0	4
2022.08.01	03:48:00	0.62855	0.62873	0.62851	0.62851	66	0	4
2022.08.01	03:49:00	0.62850	0.62860	0.62845	0.62860	50	0	6
2022.08.01	03:50:00	0.62859	0.62876	0.62859	0.62864	48	0	4
2022.08.01	03:51:00	0.62868	0.62875	0.62864	0.62875	48	0	6
2022.08.01	03:52:00	0.62876	0.62890	0.62876	0.62882	54	0	3
2022.08.01	03:53:00	0.62883	0.62887	0.62876	0.62876	57	0	4
2022.08.01	03:54:00	0.62875	0.62878	0.62847	0.62876	100	0	0
2022.08.01	03:55:00	0.62869	0.62885	0.62863	0.62867	52	0	5
2022.08.01	03:56:00	0.62867	0.62867	0.62844	0.62860	43	0	3
2022.08.01	03:57:00	0.62860	0.62874	0.62860	0.62869	51	0	4
2022.08.01	03:58:00	0.62870	0.62888	0.62869	0.62878	53	0	7
2022.08.01	03:59:00	0.62874	0.62884	0.62873	0.62878	60	0	5
2022.08.01	04:00:00	0.62879	0.62895	0.62848	0.62853	51	0	7
2022.08.01	04:01:00	0.62853	0.62863	0.62843	0.62858	30	0	6
2022.08.01	04:02:00	0.62858	0.62869	0.62858	0.62859	16	0	6
2022.08.01	04:03:00	0.62859	0.62883	0.62859	0.62872	36	0	7
2022.08.01	04:04:00	0.62873	0.62873	0.62859	0.62864	36	0	8
2022.08.01	04:05:00	0.62868	0.62873	0.62859	0.62873	18	0	6
2022.08.01	04:06:00	0.62873	0.62893	0.62873	0.62883	28	0	5
2022.08.01	04:07:00	0.62879	0.62883	0.62873	0.62879	32	0	6
2022.08.01	04:08:00	0.62878	0.62898	0.62873	0.62893	20	0	5
2022.08.01	04:09:00	0.62898	0.62898	0.62878	0.62885	22	0	6
2022.08.01	04:10:00	0.62883	0.62913	0.62883	0.62912	72	0	5
2022.08.01	04:11:00	0.62914	0.62915	0.62907	0.62908	54	0	7
2022.08.01	04:12:00	0.62908	0.62912	0.62898	0.62900	50	0	7
2022.08.01	04:13:00	0.62899	0.62925	0.62899	0.62913	66	0	4
2022.08.01	04:14:00	0.62913	0.62913	0.62888	0.62888	18	0	7
2022.08.01	04:15:00	0.62888	0.62930	0.62883	0.62909	76	0	7
2022.08.01	04:16:00	0.62907	0.62923	0.62902	0.62903	69	0	7
2022.08.01	04:17:00	0.62904	0.62914	0.62899	0.62913	59	0	7
2022.08.01	04:18:00	0.62913	0.62935	0.62913	0.62933	64	0	6
2022.08.01	04:19:00	0.62933	0.62936	0.62928	0.62933	56	0	8
2022.08.01	04:20:00	0.62933	0.62945	0.62918	0.62918	65	0	7
2022.08.01	04:21:00	0.62918	0.62929	0.62910	0.62922	67	0	7
2022.08.01	04:22:00	0.62918	0.62928	0.62913	0.62919	69	0	6
2022.08.01	04:23:00	0.62919	0.62933	0.62915	0.62924	54	0	7
2022.08.01	04:24:00	0.62925	0.62927	0.62903	0.62907	50	0	7
2022.08.01	04:25:00	0.62907	0.62914	0.62899	0.62910	56	0	7
2022.08.01	04:26:00	0.62910	0.62925	0.62908	0.62919	58	0	7
2022.08.01	04:27:00	0.62919	0.62921	0.62909	0.62915	43	0	7
2022.08.01	04:28:00	0.62915	0.62926	0.62913	0.62920	42	0	7
2022.08.01	04:29:00	0.62920	0.62924	0.62908	0.62923	37	0	3
2022.08.01	04:30:00	0.62919	0.62919	0.62896	0.62897	62	0	6
2022.08.01	04:31:00	0.62896	0.62922	0.62896	0.62918	69	0	4
2022.08.01	04:32:00	0.62918	0.62942	0.62916	0.62932	70	0	3
2022.08.01	04:33:00	0.62932	0.62947	0.62932	0.62941	67	0	4
2022.08.01	04:34:00	0.62940	0.62943	0.62928	0.62938	59	0	5
2022.08.01	04:35:00	0.62938	0.62946	0.62936	0.62939	58	0	4
2022.08.01	04:36:00	0.62938	0.62938	0.62924	0.62933	63	0	5
2022.08.01	04:37:00	0.62933	0.62938	0.62925	0.62934	65	0	5
2022.08.01	04:38:00	0.62933	0.62940	0.62929	0.62929	75	0	4
2022.08.01	04:39:00	0.62929	0.62941	0.62928	0.62939	54	0	5
2022.08.01	04:40:00	0.62939	0.62943	0.62914	0.62917	57	0	6
2022.08.01	04:41:00	0.62918	0.62923	0.62898	0.62899	60	0	5
2022.08.01	04:42:00	0.62899	0.62905	0.62891	0.62895	53	0	6
2022.08.01	04:43:00	0.62894	0.62903	0.62894	0.62900	33	0	5
2022.08.01	04:44:00	0.62901	0.62926	0.62901	0.62913	37	0	8
2022.08.01	04:45:00	0.62915	0.62921	0.62898	0.62912	48	0	5
2022.08.01	04:46:00	0.62911	0.62920	0.62908	0.62919	49	0	5
2022.08.01	04:47:00	0.62919	0.62934	0.62912	0.62913	73	0	4
2022.08.01	04:48:00	0.62911	0.62916	0.62901	0.62901	58	0	5
2022.08.01	04:49:00	0.62901	0.62901	0.62865	0.62866	49	0	5
2022.08.01	04:50:00	0.62864	0.62878	0.62862	0.62862	61	0	5
2022.08.01	04:51:00	0.62862	0.62892	0.62855	0.62889	61	0	7
2022.08.01	04:52:00	0.62889	0.62892	0.62874	0.62885	72	0	7
2022.08.01	04:53:00	0.62887	0.62900	0.62886	0.62886	76	0	7
2022.08.01	04:54:00	0.62888	0.62902	0.62882	0.62900	43	0	7
2022.08.01	04:55:00	0.62902	0.62910	0.62894	0.62905	57	0	7
2022.08.01	04:56:00	0.62906	0.62917	0.62897	0.62897	63	0	7
2022.08.01	04:57:00	0.62897	0.62911	0.62897	0.62911	57	0	6
2022.08.01	04:58:00	0.62910	0.62921	0.62910	0.62919	60	0	6
2022.08.01	04:59:00	0.62919	0.62919	0.62904	0.62913	49	0	7
2022.08.01	05:00:00	0.62913	0.62928	0.62904	0.62924	40	0	6
2022.08.01	05:01:00	0.62924	0.62928	0.62921	0.62926	34	0	7
2022.08.01	05:02:00	0.62924	0.62931	0.62913	0.62919	42	0	3
2022.08.01	05:03:00	0.62920	0.62927	0.62918	0.62924	26	0	7
2022.08.01	05:04:00	0.62927	0.62934	0.62912	0.62912	40	0	6
2022.08.01	05:05:00	0.62913	0.62929	0.62903	0.62928	31	0	6
2022.08.01	05:06:00	0.62928	0.62938	0.62919	0.62933	33	0	6
2022.08.01	05:07:00	0.62934	0.62943	0.62929	0.62934	48	0	7
2022.08.01	05:08:00	0.62935	0.62935	0.62922	0.62925	46	0	7
2022.08.01	05:09:00	0.62925	0.62939	0.62925	0.62938	20	0	8
2022.08.01	05:10:00	0.62941	0.62941	0.62927	0.62929	39	0	8
2022.08.01	05:11:00	0.62929	0.62933	0.62925	0.62928	27	0	5
2022.08.01	05:12:00	0.62928	0.62937	0.62928	0.62933	25	0	6
2022.08.01	05:13:00	0.62928	0.62931	0.62918	0.62919	17	0	5
2022.08.01	05:14:00	0.62918	0.62930	0.62909	0.62930	41	0	6
2022.08.01	05:15:00	0.62934	0.62959	0.62934	0.62958	37	0	5
2022.08.01	05:16:00	0.62958	0.62974	0.62955	0.62974	36	0	6
2022.08.01	05:17:00	0.62974	0.62974	0.62947	0.62947	44	0	7
2022.08.01	05:18:00	0.62946	0.62952	0.62943	0.62952	28	0	6
2022.08.01	05:19:00	0.62952	0.62952	0.62939	0.62939	23	0	8
2022.08.01	05:20:00	0.62939	0.62941	0.62924	0.62924	25	0	6
2022.08.01	05:21:00	0.62924	0.62938	0.62924	0.62934	31	0	7
2022.08.01	05:22:00	0.62934	0.62934	0.62924	0.62930	20	0	8
2022.08.01	05:23:00	0.62931	0.62944	0.62924	0.62940	21	0	7
2022.08.01	05:24:00	0.62940	0.62941	0.62932	0.62940	20	0	7
2022.08.01	05:25:00	0.62940	0.62950	0.62934	0.62945	41	0	7
2022.08.01	05:26:00	0.62944	0.62963	0.62944	0.62961	39	0	6
2022.08.01	05:27:00	0.62959	0.62994	0.62959	0.62984	53	0	7
2022.08.01	05:28:00	0.62984	0.62984	0.62977	0.62979	33	0	7
2022.08.01	05:29:00	0.62979	0.62994	0.62979	0.62994	28	0	7
2022.08.01	05:30:00	0.62994	0.62999	0.62989	0.62997	32	0	6
2022.08.01	05:31:00	0.62997	0.62997	0.62979	0.62992	19	0	5
2022.08.01	05:32:00	0.62991	0.62991	0.62971	0.62974	32	0	6
2022.08.01	05:33:00	0.62976	0.62984	0.62966	0.62984	35	0	6
2022.08.01	05:34:00	0.62984	0.62984	0.62965	0.62969	21	0	6
2022.08.01	05:35:00	0.62969	0.62971	0.62964	0.62967	23	0	6
2022.08.01	05:36:00	0.62968	0.62980	0.62964	0.62978	39	0	6
2022.08.01	05:37:00	0.62978	0.62989	0.62977	0.62979	27	0	7
2022.08.01	05:38:00	0.62979	0.62992	0.62979	0.62989	21	0	7
2022.08.01	05:39:00	0.62989	0.62994	0.62981	0.62985	34	0	7
2022.08.01	05:40:00	0.62987	0.62998	0.62985	0.62985	23	0	6
2022.08.01	05:41:00	0.62985	0.62994	0.62980	0.62985	31	0	7
2022.08.01	05:42:00	0.62984	0.62988	0.62982	0.62984	17	0	6
2022.08.01	05:43:00	0.62984	0.62988	0.62974	0.62974	12	0	7
2022.08.01	05:44:00	0.62974	0.62975	0.62971	0.62971	7	0	6
2022.08.01	05:45:00	0.62971	0.62979	0.62970	0.62973	18	0	6
2022.08.01	05:46:00	0.62973	0.62973	0.62966	0.62969	20	0	5
2022.08.01	05:47:00	0.62969	0.62972	0.62969	0.62969	23	0	6
2022.08.01	05:48:00	0.62969	0.62970	0.62966	0.62969	11	0	6
2022.08.01	05:49:00	0.62969	0.62980	0.62969	0.62980	17	0	7
2022.08.01	05:50:00	0.62980	0.62980	0.62967	0.62972	26	0	3
2022.08.01	05:51:00	0.62975	0.62981	0.62974	0.62981	15	0	5
2022.08.01	05:52:00	0.62982	0.62992	0.62982	0.62986	23	0	6
2022.08.01	05:53:00	0.62986	0.62993	0.62984	0.62991	28	0	5
2022.08.01	05:54:00	0.62992	0.62993	0.62985	0.62987	30	0	6
2022.08.01	05:55:00	0.62988	0.63004	0.62988	0.62999	33	0	5
2022.08.01	05:56:00	0.62999	0.63006	0.62995	0.63004	34	0	4
2022.08.01	05:57:00	0.63004	0.63019	0.63004	0.63013	32	0	6
2022.08.01	05:58:00	0.63013	0.63013	0.63004	0.63004	28	0	5
2022.08.01	05:59:00	0.63004	0.63010	0.62999	0.63010	21	0	7
2022.08.01	06:00:00	0.63011	0.63024	0.62999	0.63000	39	0	6
2022.08.01	06:01:00	0.63001	0.63009	0.62998	0.63001	34	0	6
2022.08.01	06:02:00	0.63002	0.63004	0.62990	0.62994	32	0	6
2022.08.01	06:03:00	0.62994	0.63001	0.62980	0.62984	35	0	6
2022.08.01	06:04:00	0.62984	0.62993	0.62980	0.62984	19	0	5
2022.08.01	06:05:00	0.62984	0.62985	0.62976	0.62976	13	0	6
2022.08.01	06:06:00	0.62974	0.62978	0.62969	0.62976	42	0	4
2022.08.01	06:07:00	0.62976	0.62980	0.62969	0.62969	16	0	6
2022.08.01	06:08:00	0.62964	0.62974	0.62964	0.62969	21	0	6
2022.08.01	06:09:00	0.62969	0.62974	0.62969	0.62971	39	0	6
2022.08.01	06:10:00	0.62971	0.62978	0.62968	0.62969	22	0	5
2022.08.01	06:11:00	0.62969	0.62972	0.62965	0.62970	25	0	7
2022.08.01	06:12:00	0.62974	0.62980	0.62974	0.62979	24	0	4
2022.08.01	06:13:00	0.62979	0.62979	0.62940	0.62947	55	0	4
2022.08.01	06:14:00	0.62947	0.62951	0.62940	0.62940	34	0	7
2022.08.01	06:15:00	0.62939	0.62939	0.62922	0.62924	25	0	6
2022.08.01	06:16:00	0.62924	0.62934	0.62924	0.62934	17	0	6
2022.08.01	06:17:00	0.62934	0.62934	0.62919	0.62925	24	0	7
2022.08.01	06:18:00	0.62927	0.62927	0.62914	0.62919	24	0	7
2022.08.01	06:19:00	0.62919	0.62929	0.62914	0.62919	12	0	7
2022.08.01	06:20:00	0.62917	0.62927	0.62917	0.62920	39	0	7
2022.08.01	06:21:00	0.62920	0.62928	0.62919	0.62920	51	0	7
2022.08.01	06:22:00	0.62921	0.62931	0.62919	0.62919	26	0	7
2022.08.01	06:23:00	0.62920	0.62931	0.62919	0.62930	34	0	7
2022.08.01	06:24:00	0.62933	0.62933	0.62924	0.62925	27	0	7
2022.08.01	06:25:00	0.62926	0.62934	0.62914	0.62914	39	0	7
2022.08.01	06:26:00	0.62914	0.62917	0.62904	0.62904	33	0	7
2022.08.01	06:27:00	0.62905	0.62915	0.62904	0.62906	23	0	7
2022.08.01	06:28:00	0.62906	0.62909	0.62904	0.62906	34	0	7
2022.08.01	06:29:00	0.62906	0.62912	0.62904	0.62910	37	0	6
2022.08.01	06:30:00	0.62910	0.62924	0.62899	0.62904	33	0	6
2022.08.01	06:31:00	0.62904	0.62914	0.62904	0.62909	14	0	7
2022.08.01	06:32:00	0.62909	0.62916	0.62907	0.62914	28	0	7
2022.08.01	06:33:00	0.62914	0.62914	0.62907	0.62908	19	0	7
2022.08.01	06:34:00	0.62908	0.62908	0.62899	0.62904	25	0	7
2022.08.01	06:35:00	0.62904	0.62913	0.62899	0.62911	32	0	7
2022.08.01	06:36:00	0.62911	0.62915	0.62904	0.62907	18	0	7
2022.08.01	06:37:00	0.62907	0.62914	0.62903	0.62906	23	0	7
2022.08.01	06:38:00	0.62906	0.62915	0.62905	0.62908	32	0	7
2022.08.01	06:39:00	0.62907	0.62911	0.62907	0.62909	7	0	7
2022.08.01	06:40:00	0.62909	0.62919	0.62909	0.62910	32	0	7
2022.08.01	06:41:00	0.62909	0.62915	0.62909	0.62914	12	0	6
2022.08.01	06:42:00	0.62914	0.62921	0.62909	0.62919	21	0	7
2022.08.01	06:43:00	0.62919	0.62924	0.62919	0.62923	11	0	7
2022.08.01	06:44:00	0.62928	0.62934	0.62924	0.62929	21	0	6
2022.08.01	06:45:00	0.62929	0.62929	0.62919	0.62923	11	0	7
2022.08.01	06:46:00	0.62923	0.62927	0.62915	0.62919	16	0	7
2022.08.01	06:47:00	0.62919	0.62919	0.62909	0.62909	11	0	7
2022.08.01	06:48:00	0.62909	0.62909	0.62899	0.62900	14	0	7
2022.08.01	06:49:00	0.62900	0.62900	0.62889	0.62894	16	0	6
2022.08.01	06:50:00	0.62894	0.62906	0.62894	0.62899	17	0	5
2022.08.01	06:51:00	0.62901	0.62905	0.62899	0.62904	11	0	7
2022.08.01	06:52:00	0.62904	0.62909	0.62904	0.62904	11	0	7
2022.08.01	06:53:00	0.62904	0.62904	0.62892	0.62896	7	0	6
2022.08.01	06:54:00	0.62896	0.62906	0.62896	0.62904	12	0	8
2022.08.01	06:55:00	0.62904	0.62915	0.62904	0.62914	15	0	7
2022.08.01	06:56:00	0.62915	0.62917	0.62908	0.62908	17	0	5
2022.08.01	06:57:00	0.62908	0.62910	0.62899	0.62906	16	0	6
2022.08.01	06:58:00	0.62906	0.62909	0.62906	0.62907	35	0	7
2022.08.01	06:59:00	0.62907	0.62913	0.62907	0.62913	8	0	8
2022.08.01	07:00:00	0.62913	0.62914	0.62909	0.62913	14	0	3
2022.08.01	07:01:00	0.62913	0.62919	0.62912	0.62919	22	0	4
2022.08.01	07:02:00	0.62919	0.62925	0.62919	0.62920	19	0	4
2022.08.01	07:03:00	0.62920	0.62921	0.62915	0.62915	14	0	3
2022.08.01	07:04:00	0.62908	0.62923	0.62905	0.62920	27	0	5
2022.08.01	07:05:00	0.62920	0.62920	0.62914	0.62914	19	0	2
2022.08.01	07:06:00	0.62914	0.62914	0.62907	0.62912	28	0	5
2022.08.01	07:07:00	0.62910	0.62919	0.62910	0.62916	34	0	5
2022.08.01	07:08:00	0.62916	0.62918	0.62905	0.62905	17	0	2
2022.08.01	07:09:00	0.62905	0.62911	0.62904	0.62905	25	0	4
2022.08.01	07:10:00	0.62905	0.62906	0.62899	0.62900	20	0	3
2022.08.01	07:11:00	0.62900	0.62919	0.62900	0.62919	24	0	3
2022.08.01	07:12:00	0.62921	0.62931	0.62920	0.62928	16	0	2
2022.08.01	07:13:00	0.62928	0.62929	0.62920	0.62924	12	0	2
2022.08.01	07:14:00	0.62924	0.62930	0.62924	0.62925	16	0	2
2022.08.01	07:15:00	0.62925	0.62942	0.62925	0.62942	35	0	3
2022.08.01	07:16:00	0.62942	0.62943	0.62930	0.62935	24	0	2
2022.08.01	07:17:00	0.62935	0.62944	0.62935	0.62939	18	0	5
2022.08.01	07:18:00	0.62939	0.62946	0.62934	0.62945	34	0	5
2022.08.01	07:19:00	0.62945	0.62969	0.62945	0.62965	20	0	4
2022.08.01	07:20:00	0.62965	0.62969	0.62960	0.62967	21	0	4
2022.08.01	07:21:00	0.62967	0.62977	0.62964	0.62975	34	0	4
2022.08.01	07:22:00	0.62974	0.62981	0.62974	0.62976	31	0	4
2022.08.01	07:23:00	0.62977	0.62997	0.62977	0.62991	31	0	4
2022.08.01	07:24:00	0.62991	0.62992	0.62979	0.62980	26	0	3
2022.08.01	07:25:00	0.62980	0.62985	0.62979	0.62980	15	0	3
2022.08.01	07:26:00	0.62980	0.62980	0.62970	0.62970	16	0	5
2022.08.01	07:27:00	0.62970	0.62984	0.62970	0.62980	28	0	5
2022.08.01	07:28:00	0.62979	0.62979	0.62969	0.62970	8	0	0
2022.08.01	07:29:00	0.62971	0.62976	0.62970	0.62974	11	0	3
2022.08.01	07:30:00	0.62974	0.62975	0.62965	0.62972	35	0	2
2022.08.01	07:31:00	0.62973	0.62984	0.62973	0.62983	11	0	3
2022.08.01	07:32:00	0.62983	0.62998	0.62983	0.62998	13	0	3
2022.08.01	07:33:00	0.62997	0.62997	0.62994	0.62994	23	0	3
2022.08.01	07:34:00	0.62994	0.62994	0.62989	0.62992	12	0	3
2022.08.01	07:35:00	0.62992	0.62992	0.62989	0.62990	20	0	3
2022.08.01	07:36:00	0.62990	0.62990	0.62979	0.62980	13	0	4
2022.08.01	07:37:00	0.62980	0.62981	0.62979	0.62979	12	0	4
2022.08.01	07:38:00	0.62979	0.62979	0.62969	0.62972	16	0	0
2022.08.01	07:39:00	0.62973	0.62983	0.62970	0.62981	15	0	3
2022.08.01	07:40:00	0.62981	0.62988	0.62981	0.62988	6	0	4
2022.08.01	07:41:00	0.62988	0.62989	0.62984	0.62985	12	0	4
2022.08.01	07:42:00	0.62985	0.62987	0.62985	0.62986	4	0	6
2022.08.01	07:43:00	0.62987	0.62992	0.62985	0.62989	12	0	4
2022.08.01	07:44:00	0.62989	0.62989	0.62980	0.62986	18	0	4
2022.08.01	07:45:00	0.62986	0.62989	0.62984	0.62985	22	0	4
2022.08.01	07:46:00	0.62985	0.62985	0.62984	0.62985	5	0	4
2022.08.01	07:47:00	0.62985	0.62986	0.62969	0.62970	16	0	2
2022.08.01	07:48:00	0.62970	0.62970	0.62961	0.62965	23	0	2
2022.08.01	07:49:00	0.62965	0.62970	0.62964	0.62964	14	0	2
2022.08.01	07:50:00	0.62964	0.62969	0.62964	0.62965	13	0	4
2022.08.01	07:51:00	0.62965	0.62965	0.62960	0.62960	18	0	2
2022.08.01	07:52:00	0.62960	0.62964	0.62960	0.62961	6	0	5
2022.08.01	07:53:00	0.62961	0.62971	0.62959	0.62970	18	0	4
2022.08.01	07:54:00	0.62970	0.62977	0.62969	0.62970	17	0	2
2022.08.01	07:55:00	0.62970	0.62970	0.62964	0.62965	7	0	2
2022.08.01	07:56:00	0.62965	0.62972	0.62965	0.62971	15	0	4
2022.08.01	07:57:00	0.62972	0.62976	0.62964	0.62976	23	0	3
2022.08.01	07:58:00	0.62976	0.62977	0.62975	0.62976	18	0	5
2022.08.01	07:59:00	0.62977	0.62977	0.62975	0.62977	11	0	4
2022.08.01	08:00:00	0.62980	0.62982	0.62975	0.62979	16	0	2
2022.08.01	08:01:00	0.62979	0.62980	0.62974	0.62976	15	0	4
2022.08.01	08:02:00	0.62976	0.62977	0.62970	0.62972	23	0	4
2022.08.01	08:03:00	0.62972	0.62985	0.62972	0.62983	34	0	3
2022.08.01	08:04:00	0.62984	0.62985	0.62979	0.62979	6	0	4
2022.08.01	08:05:00	0.62979	0.62980	0.62979	0.62979	3	0	3
2022.08.01	08:06:00	0.62979	0.62991	0.62979	0.62989	15	0	3
2022.08.01	08:07:00	0.62989	0.62989	0.62984	0.62984	14	0	2
2022.08.01	08:08:00	0.62984	0.62984	0.62975	0.62975	16	0	3
2022.08.01	08:09:00	0.62975	0.62975	0.62969	0.62970	7	0	1
2022.08.01	08:10:00	0.62970	0.62970	0.62963	0.62965	19	0	0
2022.08.01	08:11:00	0.62964	0.62967	0.62964	0.62964	4	0	2
2022.08.01	08:12:00	0.62961	0.62970	0.62961	0.62970	30	0	4
2022.08.01	08:13:00	0.62970	0.62970	0.62969	0.62970	3	0	3
2022.08.01	08:14:00	0.62970	0.62978	0.62965	0.62976	19	0	3
2022.08.01	08:15:00	0.62976	0.62994	0.62974	0.62994	37	0	2
2022.08.01	08:16:00	0.62990	0.62994	0.62989	0.62990	19	0	4
2022.08.01	08:17:00	0.62991	0.62993	0.62990	0.62990	8	0	4
2022.08.01	08:18:00	0.62992	0.63005	0.62990	0.63002	30	0	4
2022.08.01	08:19:00	0.63004	0.63005	0.62995	0.63001	19	0	5
2022.08.01	08:20:00	0.63002	0.63004	0.63000	0.63000	14	0	5
2022.08.01	08:21:00	0.63002	0.63002	0.62999	0.62999	14	0	3
2022.08.01	08:22:00	0.62999	0.63002	0.62999	0.63000	7	0	4
2022.08.01	08:23:00	0.63000	0.63000	0.62984	0.62986	13	0	3
2022.08.01	08:24:00	0.62985	0.62985	0.62984	0.62984	4	0	2
2022.08.01	08:25:00	0.62991	0.62997	0.62991	0.62996	15	0	4
2022.08.01	08:26:00	0.62996	0.62999	0.62989	0.62994	23	0	2
2022.08.01	08:27:00	0.62994	0.63001	0.62994	0.62999	25	0	5
2022.08.01	08:28:00	0.62999	0.63006	0.62995	0.63004	20	0	4
2022.08.01	08:29:00	0.63004	0.63005	0.62999	0.63000	14	0	2
2022.08.01	08:30:00	0.63000	0.63011	0.63000	0.63010	16	0	1
2022.08.01	08:31:00	0.63011	0.63019	0.63004	0.63006	28	0	3
2022.08.01	08:32:00	0.63006	0.63011	0.62994	0.62995	45	0	3
2022.08.01	08:33:00	0.62994	0.63009	0.62994	0.63005	36	0	4
2022.08.01	08:34:00	0.63005	0.63005	0.62994	0.63000	16	0	3
2022.08.01	08:35:00	0.63000	0.63008	0.63000	0.63005	17	0	3
2022.08.01	08:36:00	0.63005	0.63013	0.63005	0.63011	17	0	5
2022.08.01	08:37:00	0.63011	0.63015	0.63005	0.63006	16	0	3
2022.08.01	08:38:00	0.63007	0.63009	0.63000	0.63000	21	0	5
2022.08.01	08:39:00	0.63000	0.63009	0.63000	0.63000	10	0	1
2022.08.01	08:40:00	0.63000	0.63000	0.62984	0.62984	20	0	3
2022.08.01	08:41:00	0.62985	0.62986	0.62975	0.62976	27	0	3
2022.08.01	08:42:00	0.62976	0.62977	0.62960	0.62960	14	0	1
2022.08.01	08:43:00	0.62960	0.62970	0.62955	0.62969	22	0	4
2022.08.01	08:44:00	0.62970	0.62974	0.62959	0.62960	23	0	3
2022.08.01	08:45:00	0.62959	0.62965	0.62954	0.62955	13	0	4
2022.08.01	08:46:00	0.62955	0.62972	0.62954	0.62959	20	0	4
2022.08.01	08:47:00	0.62959	0.62975	0.62959	0.62970	33	0	5
2022.08.01	08:48:00	0.62970	0.62977	0.62964	0.62974	22	0	2
2022.08.01	08:49:00	0.62974	0.62980	0.62974	0.62980	19	0	5
2022.08.01	08:50:00	0.62980	0.62980	0.62974	0.62980	19	0	6
2022.08.01	08:51:00	0.62979	0.62982	0.62975	0.62975	18	0	3
2022.08.01	08:52:00	0.62975	0.62976	0.62974	0.62975	7	0	4
2022.08.01	08:53:00	0.62975	0.62979	0.62954	0.62958	30	0	2
2022.08.01	08:54:00	0.62958	0.62962	0.62954	0.62960	25	0	4
2022.08.01	08:55:00	0.62961	0.62965	0.62956	0.62961	22	0	3
2022.08.01	08:56:00	0.62959	0.62959	0.62948	0.62950	28	0	3
2022.08.01	08:57:00	0.62950	0.62951	0.62931	0.62936	38	0	3
2022.08.01	08:58:00	0.62936	0.62947	0.62924	0.62946	44	0	1
2022.08.01	08:59:00	0.62946	0.62959	0.62946	0.62951	50	0	4
2022.08.01	09:00:00	0.62948	0.62963	0.62948	0.62956	48	0	1
2022.08.01	09:01:00	0.62955	0.62964	0.62945	0.62964	50	0	2
2022.08.01	09:02:00	0.62965	0.62981	0.62959	0.62977	52	0	3
2022.08.01	09:03:00	0.62977	0.62980	0.62964	0.62979	35	0	4
2022.08.01	09:04:00	0.62979	0.62984	0.62974	0.62981	42	0	4
2022.08.01	09:05:00	0.62981	0.62983	0.62954	0.62954	45	0	4
2022.08.01	09:06:00	0.62954	0.62954	0.62944	0.62947	53	0	3
2022.08.01	09:07:00	0.62946	0.62960	0.62945	0.62960	49	0	4
2022.08.01	09:08:00	0.62960	0.62963	0.62956	0.62960	27	0	4
2022.08.01	09:09:00	0.62960	0.62965	0.62954	0.62954	14	0	2
2022.08.01	09:10:00	0.62954	0.62955	0.62941	0.62954	34	0	3
2022.08.01	09:11:00	0.62955	0.62974	0.62955	0.62974	42	0	3
2022.08.01	09:12:00	0.62974	0.62974	0.62939	0.62940	38	0	3
2022.08.01	09:13:00	0.62941	0.62953	0.62940	0.62950	32	0	3
2022.08.01	09:14:00	0.62950	0.62951	0.62944	0.62946	24	0	3
2022.08.01	09:15:00	0.62946	0.62954	0.62944	0.62950	52	0	3
2022.08.01	09:16:00	0.62950	0.62959	0.62949	0.62951	30	0	4
2022.08.01	09:17:00	0.62952	0.62963	0.62950	0.62954	37	0	4
2022.08.01	09:18:00	0.62954	0.62961	0.62950	0.62961	35	0	3
2022.08.01	09:19:00	0.62960	0.62960	0.62943	0.62943	29	0	4
2022.08.01	09:20:00	0.62943	0.62955	0.62939	0.62942	43	0	3
2022.08.01	09:21:00	0.62942	0.62944	0.62935	0.62942	46	0	4
2022.08.01	09:22:00	0.62943	0.62944	0.62931	0.62932	31	0	5
2022.08.01	09:23:00	0.62931	0.62945	0.62931	0.62939	44	0	3
2022.08.01	09:24:00	0.62937	0.62939	0.62924	0.62929	26	0	4
2022.08.01	09:25:00	0.62929	0.62935	0.62922	0.62935	35	0	5
2022.08.01	09:26:00	0.62935	0.62951	0.62934	0.62945	30	0	3
2022.08.01	09:27:00	0.62944	0.62945	0.62934	0.62937	24	0	5
2022.08.01	09:28:00	0.62940	0.62943	0.62934	0.62934	21	0	4
2022.08.01	09:29:00	0.62922	0.62939	0.62922	0.62939	7	0	5
2022.08.01	09:30:00	0.62940	0.62944	0.62929	0.62935	22	0	5
2022.08.01	09:31:00	0.62935	0.62951	0.62934	0.62936	36	0	5
2022.08.01	09:32:00	0.62936	0.62940	0.62934	0.62939	22	0	4
2022.08.01	09:33:00	0.62939	0.62942	0.62934	0.62942	22	0	4
2022.08.01	09:34:00	0.62942	0.62976	0.62942	0.62975	49	0	3
2022.08.01	09:35:00	0.62975	0.62980	0.62959	0.62959	43	0	4
2022.08.01	09:36:00	0.62961	0.62965	0.62954	0.62959	32	0	4
2022.08.01	09:37:00	0.62959	0.62959	0.62939	0.62940	25	0	5
2022.08.01	09:38:00	0.62939	0.62951	0.62939	0.62950	24	0	6
2022.08.01	09:39:00	0.62951	0.62962	0.62949	0.62962	43	0	3
2022.08.01	09:40:00	0.62962	0.62964	0.62934	0.62935	48	0	4
2022.08.01	09:41:00	0.62936	0.62945	0.62929	0.62930	31	0	4
2022.08.01	09:42:00	0.62933	0.62948	0.62932	0.62944	23	0	4
2022.08.01	09:43:00	0.62944	0.62968	0.62944	0.62960	40	0	2
2022.08.01	09:44:00	0.62965	0.62973	0.62964	0.62973	35	0	3
2022.08.01	09:45:00	0.62973	0.62990	0.62973	0.62979	61	0	3
2022.08.01	09:46:00	0.62979	0.62983	0.62973	0.62983	37	0	4
2022.08.01	09:47:00	0.62983	0.63010	0.62983	0.63010	49	0	5
2022.08.01	09:48:00	0.63014	0.63025	0.63000	0.63014	55	0	3
2022.08.01	09:49:00	0.63014	0.63023	0.63004	0.63005	46	0	5
2022.08.01	09:50:00	0.63005	0.63010	0.62989	0.62991	58	0	5
2022.08.01	09:51:00	0.62990	0.62998	0.62984	0.62994	53	0	4
2022.08.01	09:52:00	0.62994	0.62994	0.62979	0.62980	61	0	4
2022.08.01	09:53:00	0.62980	0.62996	0.62980	0.62988	43	0	5
2022.08.01	09:54:00	0.62988	0.63004	0.62984	0.63002	58	0	5
2022.08.01	09:55:00	0.63002	0.63016	0.63000	0.63015	41	0	4
2022.08.01	09:56:00	0.63014	0.63035	0.63012	0.63024	38	0	2
2022.08.01	09:57:00	0.63024	0.63024	0.63014	0.63016	48	0	5
2022.08.01	09:58:00	0.63015	0.63016	0.63006	0.63009	43	0	5
2022.08.01	09:59:00	0.63010	0.63010	0.62989	0.62990	38	0	3
2022.08.01	10:00:00	0.62990	0.63003	0.62976	0.62984	70	0	4
2022.08.01	10:01:00	0.62984	0.63010	0.62978	0.62990	66	0	3
2022.08.01	10:02:00	0.62989	0.63003	0.62984	0.62985	62	0	4
2022.08.01	10:03:00	0.62985	0.63010	0.62985	0.63008	44	0	5
2022.08.01	10:04:00	0.63008	0.63015	0.63004	0.63014	55	0	5
2022.08.01	10:05:00	0.63015	0.63018	0.62994	0.62995	29	0	4
2022.08.01	10:06:00	0.62995	0.62998	0.62984	0.62994	22	0	4
2022.08.01	10:07:00	0.62994	0.62994	0.62974	0.62978	18	0	0
2022.08.01	10:08:00	0.62978	0.62984	0.62974	0.62974	29	0	2
2022.08.01	10:09:00	0.62974	0.62989	0.62974	0.62988	35	0	2
2022.08.01	10:10:00	0.62993	0.63013	0.62993	0.62999	53	0	2
2022.08.01	10:11:00	0.62999	0.63035	0.62994	0.63034	48	0	5
2022.08.01	10:12:00	0.63034	0.63034	0.63022	0.63029	22	0	3
2022.08.01	10:13:00	0.63030	0.63041	0.63018	0.63018	35	0	4
2022.08.01	10:14:00	0.63018	0.63018	0.63008	0.63013	35	0	4
2022.08.01	10:15:00	0.63016	0.63024	0.62997	0.63013	75	0	2
2022.08.01	10:16:00	0.63014	0.63035	0.63014	0.63029	37	0	3
2022.08.01	10:17:00	0.63028	0.63048	0.63020	0.63047	52	0	3
2022.08.01	10:18:00	0.63047	0.63057	0.63043	0.63057	38	0	4
2022.08.01	10:19:00	0.63056	0.63063	0.63044	0.63049	43	0	3
2022.08.01	10:20:00	0.63048	0.63057	0.63043	0.63057	31	0	3
2022.08.01	10:21:00	0.63059	0.63067	0.63053	0.63060	42	0	2
2022.08.01	10:22:00	0.63060	0.63061	0.63043	0.63044	49	0	3
2022.08.01	10:23:00	0.63041	0.63048	0.63026	0.63033	48	0	0
2022.08.01	10:24:00	0.63030	0.63044	0.63026	0.63038	59	0	4
2022.08.01	10:25:00	0.63038	0.63058	0.63036	0.63054	34	0	4
2022.08.01	10:26:00	0.63054	0.63054	0.63035	0.63053	37	0	4
2022.08.01	10:27:00	0.63053	0.63063	0.63049	0.63049	36	0	3
2022.08.01	10:28:00	0.63051	0.63055	0.63036	0.63041	36	0	3
2022.08.01	10:29:00	0.63041	0.63042	0.63030	0.63036	35	0	1
2022.08.01	10:30:00	0.63037	0.63049	0.63037	0.63039	46	0	4
2022.08.01	10:31:00	0.63039	0.63058	0.63032	0.63057	44	0	4
2022.08.01	10:32:00	0.63054	0.63066	0.63054	0.63054	49	0	3
2022.08.01	10:33:00	0.63054	0.63061	0.63049	0.63061	38	0	4
2022.08.01	10:34:00	0.63061	0.63068	0.63060	0.63066	20	0	3
2022.08.01	10:35:00	0.63068	0.63076	0.63068	0.63069	28	0	3
2022.08.01	10:36:00	0.63069	0.63089	0.63069	0.63087	35	0	3
2022.08.01	10:37:00	0.63087	0.63091	0.63054	0.63055	58	0	1
2022.08.01	10:38:00	0.63055	0.63105	0.63055	0.63101	83	0	1
2022.08.01	10:39:00	0.63100	0.63118	0.63100	0.63104	63	0	1
2022.08.01	10:40:00	0.63104	0.63109	0.63099	0.63104	39	0	2
2022.08.01	10:41:00	0.63104	0.63113	0.63100	0.63110	30	0	3
2022.08.01	10:42:00	0.63110	0.63113	0.63100	0.63104	41	0	4
2022.08.01	10:43:00	0.63104	0.63113	0.63095	0.63106	33	0	0
2022.08.01	10:44:00	0.63106	0.63119	0.63106	0.63116	28	0	3
2022.08.01	10:45:00	0.63118	0.63134	0.63099	0.63106	39	0	0
2022.08.01	10:46:00	0.63106	0.63113	0.63104	0.63104	27	0	1
2022.08.01	10:47:00	0.63104	0.63109	0.63095	0.63105	28	0	3
2022.08.01	10:48:00	0.63104	0.63109	0.63094	0.63104	19	0	3
2022.08.01	10:49:00	0.63104	0.63124	0.63104	0.63122	29	0	1
2022.08.01	10:50:00	0.63120	0.63133	0.63115	0.63128	35	0	3
2022.08.01	10:51:00	0.63128	0.63130	0.63125	0.63125	30	0	3
2022.08.01	10:52:00	0.63125	0.63125	0.63104	0.63105	29	0	2
2022.08.01	10:53:00	0.63105	0.63109	0.63095	0.63108	35	0	3
2022.08.01	10:54:00	0.63106	0.63114	0.63104	0.63112	53	0	0
2022.08.01	10:55:00	0.63112	0.63143	0.63110	0.63129	34	0	0
2022.08.01	10:56:00	0.63130	0.63140	0.63130	0.63140	53	0	3
2022.08.01	10:57:00	0.63139	0.63144	0.63130	0.63139	51	0	2
2022.08.01	10:58:00	0.63139	0.63148	0.63130	0.63144	44	0	3
2022.08.01	10:59:00	0.63144	0.63154	0.63140	0.63140	61	0	2
2022.08.01	11:00:00	0.63139	0.63154	0.63135	0.63154	52	0	4
2022.08.01	11:01:00	0.63154	0.63154	0.63125	0.63127	41	0	3
2022.08.01	11:02:00	0.63126	0.63143	0.63126	0.63132	47	0	3
2022.08.01	11:03:00	0.63132	0.63155	0.63131	0.63153	48	0	2
2022.08.01	11:04:00	0.63153	0.63158	0.63150	0.63154	42	0	4
2022.08.01	11:05:00	0.63154	0.63171	0.63150	0.63169	51	0	3
2022.08.01	11:06:00	0.63169	0.63185	0.63169	0.63180	54	0	3
2022.08.01	11:07:00	0.63180	0.63192	0.63171	0.63175	53	0	2
2022.08.01	11:08:00	0.63175	0.63179	0.63167	0.63179	37	0	4
2022.08.01	11:09:00	0.63179	0.63192	0.63171	0.63192	20	0	4
2022.08.01	11:10:00	0.63192	0.63194	0.63171	0.63185	44	0	2
2022.08.01	11:11:00	0.63184	0.63185	0.63175	0.63183	32	0	2
2022.08.01	11:12:00	0.63183	0.63187	0.63179	0.63183	46	0	4
2022.08.01	11:13:00	0.63184	0.63185	0.63167	0.63171	35	0	4
2022.08.01	11:14:00	0.63171	0.63200	0.63171	0.63197	66	0	3
2022.08.01	11:15:00	0.63196	0.63220	0.63190	0.63219	60	0	4
2022.08.01	11:16:00	0.63219	0.63225	0.63214	0.63216	34	0	4
2022.08.01	11:17:00	0.63215	0.63215	0.63196	0.63205	28	0	4
2022.08.01	11:18:00	0.63205	0.63215	0.63195	0.63196	29	0	4
2022.08.01	11:19:00	0.63196	0.63200	0.63184	0.63184	50	0	5
2022.08.01	11:20:00	0.63184	0.63184	0.63164	0.63165	36	0	0
2022.08.01	11:21:00	0.63165	0.63170	0.63152	0.63167	51	0	3
2022.08.01	11:22:00	0.63167	0.63175	0.63166	0.63167	32	0	4
2022.08.01	11:23:00	0.63167	0.63169	0.63159	0.63162	34	0	3
2022.08.01	11:24:00	0.63162	0.63162	0.63149	0.63152	50	0	3
2022.08.01	11:25:00	0.63152	0.63167	0.63146	0.63160	39	0	3
2022.08.01	11:26:00	0.63160	0.63189	0.63160	0.63189	38	0	2
2022.08.01	11:27:00	0.63189	0.63189	0.63179	0.63183	10	0	2
2022.08.01	11:28:00	0.63184	0.63195	0.63184	0.63195	12	0	4
2022.08.01	11:29:00	0.63195	0.63208	0.63194	0.63195	39	0	0
2022.08.01	11:30:00	0.63198	0.63217	0.63198	0.63204	35	0	0
2022.08.01	11:31:00	0.63204	0.63219	0.63204	0.63214	21	0	3
2022.08.01	11:32:00	0.63211	0.63231	0.63210	0.63231	33	0	3
2022.08.01	11:33:00	0.63231	0.63249	0.63231	0.63240	56	0	4
2022.08.01	11:34:00	0.63239	0.63249	0.63231	0.63244	42	0	3
2022.08.01	11:35:00	0.63244	0.63259	0.63244	0.63255	44	0	1
2022.08.01	11:36:00	0.63256	0.63276	0.63239	0.63248	44	0	0
2022.08.01	11:37:00	0.63248	0.63273	0.63246	0.63269	37	0	3
2022.08.01	11:38:00	0.63269	0.63288	0.63267	0.63284	51	0	1
2022.08.01	11:39:00	0.63284	0.63290	0.63274	0.63274	37	0	3
2022.08.01	11:40:00	0.63274	0.63293	0.63274	0.63289	56	0	3
2022.08.01	11:41:00	0.63290	0.63306	0.63286	0.63306	45	0	0
2022.08.01	11:42:00	0.63305	0.63312	0.63295	0.63297	42	0	2
2022.08.01	11:43:00	0.63297	0.63297	0.63275	0.63290	38	0	3
2022.08.01	11:44:00	0.63288	0.63302	0.63288	0.63296	29	0	2
2022.08.01	11:45:00	0.63296	0.63309	0.63279	0.63280	51	0	0
2022.08.01	11:46:00	0.63281	0.63281	0.63255	0.63264	40	0	2
2022.08.01	11:47:00	0.63266	0.63266	0.63245	0.63252	40	0	1
2022.08.01	11:48:00	0.63253	0.63261	0.63246	0.63246	39	0	3
2022.08.01	11:49:00	0.63245	0.63257	0.63239	0.63249	30	0	3
2022.08.01	11:50:00	0.63250	0.63250	0.63229	0.63230	30	0	2
2022.08.01	11:51:00	0.63230	0.63252	0.63229	0.63250	38	0	1
2022.08.01	11:52:00	0.63247	0.63247	0.63234	0.63246	24	0	0
2022.08.01	11:53:00	0.63246	0.63246	0.63240	0.63245	19	0	2
2022.08.01	11:54:00	0.63244	0.63245	0.63209	0.63214	32	0	1
2022.08.01	11:55:00	0.63214	0.63218	0.63210	0.63216	7	0	2
2022.08.01	11:56:00	0.63196	0.63227	0.63196	0.63225	16	0	2
2022.08.01	11:57:00	0.63225	0.63225	0.63219	0.63220	20	0	2
2022.08.01	11:58:00	0.63222	0.63237	0.63221	0.63237	25	0	2
2022.08.01	11:59:00	0.63236	0.63237	0.63229	0.63235	34	0	3
2022.08.01	12:00:00	0.63234	0.63237	0.63220	0.63221	35	0	3
2022.08.01	12:01:00	0.63221	0.63239	0.63220	0.63235	25	0	3
2022.08.01	12:02:00	0.63237	0.63248	0.63235	0.63247	42	0	1
2022.08.01	12:03:00	0.63247	0.63275	0.63245	0.63275	36	0	1
2022.08.01	12:04:00	0.63274	0.63274	0.63256	0.63260	26	0	3
2022.08.01	12:05:00	0.63260	0.63270	0.63257	0.63266	35	0	3
2022.08.01	12:06:00	0.63265	0.63265	0.63254	0.63255	34	0	3
2022.08.01	12:07:00	0.63255	0.63269	0.63249	0.63266	36	0	3
2022.08.01	12:08:00	0.63266	0.63272	0.63265	0.63271	30	0	3
2022.08.01	12:09:00	0.63271	0.63290	0.63271	0.63281	35	0	3
2022.08.01	12:10:00	0.63281	0.63285	0.63261	0.63263	32	0	2
2022.08.01	12:11:00	0.63263	0.63269	0.63239	0.63250	67	0	2
2022.08.01	12:12:00	0.63250	0.63254	0.63235	0.63235	42	0	3
2022.08.01	12:13:00	0.63237	0.63238	0.63226	0.63233	41	0	3
2022.08.01	12:14:00	0.63233	0.63240	0.63230	0.63230	36	0	3
2022.08.01	12:15:00	0.63229	0.63229	0.63221	0.63225	27	0	3
2022.08.01	12:16:00	0.63229	0.63249	0.63229	0.63244	26	0	2
2022.08.01	12:17:00	0.63244	0.63248	0.63233	0.63241	23	0	4
2022.08.01	12:18:00	0.63241	0.63241	0.63234	0.63235	8	0	4
2022.08.01	12:19:00	0.63239	0.63256	0.63234	0.63255	21	0	4
2022.08.01	12:20:00	0.63255	0.63269	0.63255	0.63260	34	0	4
2022.08.01	12:21:00	0.63260	0.63261	0.63249	0.63260	22	0	4
2022.08.01	12:22:00	0.63260	0.63266	0.63256	0.63258	27	0	4
2022.08.01	12:23:00	0.63256	0.63257	0.63249	0.63255	14	0	4
2022.08.01	12:24:00	0.63259	0.63259	0.63242	0.63252	26	0	1
2022.08.01	12:25:00	0.63251	0.63261	0.63251	0.63259	12	0	3
2022.08.01	12:26:00	0.63259	0.63259	0.63248	0.63252	20	0	1
2022.08.01	12:27:00	0.63253	0.63255	0.63245	0.63254	19	0	1
2022.08.01	12:28:00	0.63254	0.63260	0.63250	0.63254	30	0	2
2022.08.01	12:29:00	0.63254	0.63254	0.63235	0.63246	20	0	0
2022.08.01	12:30:00	0.63246	0.63266	0.63244	0.63258	37	0	3
2022.08.01	12:31:00	0.63259	0.63262	0.63254	0.63259	17	0	2
2022.08.01	12:32:00	0.63260	0.63286	0.63260	0.63286	26	0	3
2022.08.01	12:33:00	0.63286	0.63287	0.63276	0.63281	28	0	3
2022.08.01	12:34:00	0.63281	0.63281	0.63263	0.63264	22	0	3
2022.08.01	12:35:00	0.63264	0.63273	0.63264	0.63269	21	0	4
2022.08.01	12:36:00	0.63269	0.63269	0.63250	0.63260	23	0	2
2022.08.01	12:37:00	0.63259	0.63274	0.63259	0.63272	21	0	3
2022.08.01	12:38:00	0.63272	0.63290	0.63271	0.63284	22	0	4
2022.08.01	12:39:00	0.63284	0.63314	0.63284	0.63311	38	0	2
2022.08.01	12:40:00	0.63311	0.63314	0.63304	0.63306	42	0	3
2022.08.01	12:41:00	0.63306	0.63307	0.63294	0.63302	28	0	4
2022.08.01	12:42:00	0.63302	0.63311	0.63294	0.63311	37	0	4
2022.08.01	12:43:00	0.63311	0.63311	0.63295	0.63295	23	0	4
2022.08.01	12:44:00	0.63295	0.63306	0.63294	0.63306	13	0	4
2022.08.01	12:45:00	0.63309	0.63331	0.63303	0.63328	35	0	1
2022.08.01	12:46:00	0.63332	0.63346	0.63319	0.63319	54	0	2
2022.08.01	12:47:00	0.63319	0.63324	0.63311	0.63311	25	0	3
2022.08.01	12:48:00	0.63311	0.63315	0.63304	0.63314	29	0	4
2022.08.01	12:49:00	0.63314	0.63315	0.63307	0.63313	20	0	3
2022.08.01	12:50:00	0.63312	0.63319	0.63293	0.63298	26	0	3
2022.08.01	12:51:00	0.63298	0.63303	0.63293	0.63296	29	0	4
2022.08.01	12:52:00	0.63296	0.63296	0.63280	0.63280	17	0	3
2022.08.01	12:53:00	0.63280	0.63283	0.63259	0.63259	37	0	2
2022.08.01	12:54:00	0.63259	0.63271	0.63259	0.63261	37	0	2
2022.08.01	12:55:00	0.63261	0.63261	0.63248	0.63253	27	0	3
2022.08.01	12:56:00	0.63253	0.63266	0.63249	0.63263	29	0	2
2022.08.01	12:57:00	0.63264	0.63279	0.63262	0.63269	31	0	3
2022.08.01	12:58:00	0.63268	0.63284	0.63268	0.63283	25	0	3
2022.08.01	12:59:00	0.63283	0.63288	0.63280	0.63288	20	0	2
2022.08.01	13:00:00	0.63288	0.63294	0.63283	0.63292	27	0	3
2022.08.01	13:01:00	0.63292	0.63311	0.63292	0.63311	16	0	2
2022.08.01	13:02:00	0.63311	0.63328	0.63295	0.63323	38	0	2
2022.08.01	13:03:00	0.63323	0.63324	0.63311	0.63323	34	0	1
2022.08.01	13:04:00	0.63324	0.63336	0.63315	0.63320	34	0	0
2022.08.01	13:05:00	0.63321	0.63331	0.63307	0.63315	45	0	2
2022.08.01	13:06:00	0.63315	0.63319	0.63301	0.63306	33	0	4
2022.08.01	13:07:00	0.63306	0.63307	0.63290	0.63292	44	0	4
2022.08.01	13:08:00	0.63298	0.63298	0.63276	0.63279	21	0	3
2022.08.01	13:09:00	0.63279	0.63294	0.63276	0.63292	30	0	3
2022.08.01	13:10:00	0.63292	0.63298	0.63286	0.63298	33	0	3
2022.08.01	13:11:00	0.63298	0.63302	0.63296	0.63299	35	0	3
2022.08.01	13:12:00	0.63298	0.63317	0.63297	0.63317	30	0	2
2022.08.01	13:13:00	0.63317	0.63344	0.63317	0.63338	40	0	2
2022.08.01	13:14:00	0.63338	0.63338	0.63327	0.63327	27	0	1
